Type,Name,Request Count,Failure Count,Median Response Time,Average Response Time,Min Response Time,Max Response Time,Average Content Size,Requests/s,Failures/s,50%,66%,75%,80%,90%,95%,98%,99%,99.9%,99.99%,100%
GET,/health,63,0,9,9.821288253968444,3.0367920000031745,39.90541599999986,90.0,1.0647903828796894,0.0,9,10,11,12,15,17,30,40,40,40,40
POST,/predict,220,0,21,20.959912690909153,7.275917000001186,73.95437500000001,37.0,3.718315622754471,0.0,21,23,24,25,28,31,39,41,74,74,74
,Aggregated,283,0,19,18.480289583038957,3.0367920000031745,73.95437500000001,48.79858657243816,4.783106005634161,0.0,19,22,23,24,27,30,39,41,74,74,74
