{
  "accuracy": 0.75,
  "precision": 0.8181818181818182,
  "recall": 0.75,
  "f1": 0.782608695652174,
  "roc_auc": 0.8984375
}