{
  "accuracy": 0.875,
  "precision": 0.9,
  "recall": 0.9197080291970803,
  "f1": 0.9097472924187726,
  "roc_auc": 0.924342486386282
}